6273503					I know that I'm lazy.	Tembel olduğumu biliyorum.	https://audio.tatoeba.org/sentences/eng/6273503.mp3	[sound:6273503.mp3]	sentence_20200521
6273500					I know that I'm safe.	Güvende olduğumu biliyorum.	https://audio.tatoeba.org/sentences/eng/6273500.mp3	[sound:6273500.mp3]	sentence_20200521
6272712					I know that I'm crazy.	Ben deli olduğumu biliyorum.	https://audio.tatoeba.org/sentences/eng/6272712.mp3	[sound:6272712.mp3]	sentence_20200521
6272709					I know that I'm dying.	Ölmekte olduğumu biliyorum.	https://audio.tatoeba.org/sentences/eng/6272709.mp3	[sound:6272709.mp3]	sentence_20200521
6272706					I know that I'm ready.	Hazır olduğumu biliyorum.	https://audio.tatoeba.org/sentences/eng/6272706.mp3	[sound:6272706.mp3]	sentence_20200521
6272703					I know that I'm right.	Haklı olduğumu biliyorum.	https://audio.tatoeba.org/sentences/eng/6272703.mp3	[sound:6272703.mp3]	sentence_20200521
6271749					I know that I did that.	Bunu yaptığımı biliyorum.	https://audio.tatoeba.org/sentences/eng/6271749.mp3	[sound:6271749.mp3]	sentence_20200521
6271746					I know that I'm biased.	Ben önyargılı olduğumu biliyorum.	https://audio.tatoeba.org/sentences/eng/6271746.mp3	[sound:6271746.mp3]	sentence_20200521
6271743					I know that I'm stingy.	Paragöz olduğumu biliyorum.	https://audio.tatoeba.org/sentences/eng/6271743.mp3	[sound:6271743.mp3]	sentence_20200521
6270662					I know that I can't win.	Kazanamayacağımı biliyorum.	https://audio.tatoeba.org/sentences/eng/6270662.mp3	[sound:6270662.mp3]	sentence_20200521
883180					I know that I was wrong.	Hatalı olduğumu biliyorum.	https://audio.tatoeba.org/sentences/eng/883180.mp3	[sound:883180.mp3]	sentence_20200521
6270659					I know that I'm adopted.	Evlat edinilmiş olduğumu biliyorum.	https://audio.tatoeba.org/sentences/eng/6270659.mp3	[sound:6270659.mp3]	sentence_20200521
6270656					I know that I'm correct.	Doğru olduğumu biliyorum.	https://audio.tatoeba.org/sentences/eng/6270656.mp3	[sound:6270656.mp3]	sentence_20200521
261003					I know that she is cute.	Şirin olduğunu biliyorum.	https://audio.tatoeba.org/sentences/eng/261003.mp3	[sound:261003.mp3]	sentence_20200521
883048					I know that I don't know.	Bilmediğimi biliyorum.	https://audio.tatoeba.org/sentences/eng/883048.mp3	[sound:883048.mp3]	sentence_20200521
6269429					I know that I'm annoying.	Can sıkıcı olduğumu biliyorum.	https://audio.tatoeba.org/sentences/eng/6269429.mp3	[sound:6269429.mp3]	sentence_20200521
6267965					I know that I can do that.	Bunu yapabileceğimi biliyorum.	https://audio.tatoeba.org/sentences/eng/6267965.mp3	[sound:6267965.mp3]	sentence_20200521
750825					I know that I do not know.	Bilmediğimi biliyorum.	https://audio.tatoeba.org/sentences/eng/750825.mp3	[sound:750825.mp3]	sentence_20200521
5109505					I know that I'll die soon.	Yakında öleceğimi biliyorum.	https://audio.tatoeba.org/sentences/eng/5109505.mp3	[sound:5109505.mp3]	sentence_20200521
6267959					I know that I'm not ready.	Hazır olmadığımı biliyorum.	https://audio.tatoeba.org/sentences/eng/6267959.mp3	[sound:6267959.mp3]	sentence_20200521
5217332					I know that I can beat Tom.	Tom'u yenebileceğimi biliyorum.	https://audio.tatoeba.org/sentences/eng/5217332.mp3	[sound:5217332.mp3]	sentence_20200521
6266364					I know that I was mistaken.	Hatalı olduğumu biliyorum.	https://audio.tatoeba.org/sentences/eng/6266364.mp3	[sound:6266364.mp3]	sentence_20200521
6266361					I know that I'm overweight.	Aşırı kilolu olduğumu biliyorum.	https://audio.tatoeba.org/sentences/eng/6266361.mp3	[sound:6266361.mp3]	sentence_20200521
261005					I know that she is Spanish.	Ben onun İspanyol olduğunu biliyorum.	https://audio.tatoeba.org/sentences/eng/261005.mp3	[sound:261005.mp3]	sentence_20200521
5249713					I know that I won't like it.	Bunu sevmeyeceğimi biliyorum.	https://audio.tatoeba.org/sentences/eng/5249713.mp3	[sound:5249713.mp3]	sentence_20200521
5799547					I know that I didn't do that.	Onu yapmadığımı biliyorum.	https://audio.tatoeba.org/sentences/eng/5799547.mp3	[sound:5799547.mp3]	sentence_20200521
261064					I know that she is beautiful.	Onun güzel olduğunu biliyorum.	https://audio.tatoeba.org/sentences/eng/261064.mp3	[sound:261064.mp3]	sentence_20200521
261074					I know that she has been busy.	Onun meşgul olduğunu biliyorum.	https://audio.tatoeba.org/sentences/eng/261074.mp3	[sound:261074.mp3]	sentence_20200521
6846849					I know that I can count on Tom.	Tom'a güvenebileceğimi biliyorum.	https://audio.tatoeba.org/sentences/eng/6846849.mp3	[sound:6846849.mp3]	sentence_20200521
258216					I know that I am a good teacher.	Ben iyi bir öğretmen olduğumu biliyorum.	https://audio.tatoeba.org/sentences/eng/258216.mp3	[sound:258216.mp3]	sentence_20200521
1887493					I know that I did nothing wrong.	Yanlış bir şey yapmadığımı biliyorum.	https://audio.tatoeba.org/sentences/eng/1887493.mp3	[sound:1887493.mp3]	sentence_20200521
953505					I know that I don't deserve you.	Ben seni haketmediğimi biliyorum.	https://audio.tatoeba.org/sentences/eng/953505.mp3	[sound:953505.mp3]	sentence_20200521
5666392					I know that I have to be better.	Daha iyi olmak zorunda olduğumu biliyorum.	https://audio.tatoeba.org/sentences/eng/5666392.mp3	[sound:5666392.mp3]	sentence_20200521
6722169					I know that I shouldn't be here.	Burada olmamam gerektiğini biliyorum.	https://audio.tatoeba.org/sentences/eng/6722169.mp3	[sound:6722169.mp3]	sentence_20200521
764169					I know that you know that I know.	Benim bildiğimi bildiğini biliyorum.	https://audio.tatoeba.org/sentences/eng/764169.mp3	[sound:764169.mp3]	sentence_20200521
1887495					I know that I should be sleeping now.	Şimdi uyuyor olmam gerektiğini biliyorum.	https://audio.tatoeba.org/sentences/eng/1887495.mp3	[sound:1887495.mp3]	sentence_20200521
1916881					I know that she doesn't know who I am.	Ben onun kim olduğumu bilmediğini biliyorum.	https://audio.tatoeba.org/sentences/eng/1916881.mp3	[sound:1916881.mp3]	sentence_20200521
260268					I know that I should not tell him a lie.	Ona yalan söylememem gerektiğini biliyorum.	https://audio.tatoeba.org/sentences/eng/260268.mp3	[sound:260268.mp3]	sentence_20200521
6090265					I think that I'll do that.	Sanırım onu yapacağım.	https://audio.tatoeba.org/sentences/eng/6090265.mp3	[sound:6090265.mp3]	sentence_20200521
315336					I think that she's honest.	Bence o dürüsttür.	https://audio.tatoeba.org/sentences/eng/315336.mp3	[sound:315336.mp3]	sentence_20200521
6266184					I think that I can do that.	Sanırım bunu yapabilirim.	https://audio.tatoeba.org/sentences/eng/6266184.mp3	[sound:6266184.mp3]	sentence_20200521
6110312					I think that I'll help Tom.	Sanırım Tom'a yardım edeceğim.	https://audio.tatoeba.org/sentences/eng/6110312.mp3	[sound:6110312.mp3]	sentence_20200521
317361					I think that she will come.	Bence o gelecek.	https://audio.tatoeba.org/sentences/eng/317361.mp3	[sound:317361.mp3]	sentence_20200521
2408140					I think that I should leave.	Sanırım gitmeliyim.	https://audio.tatoeba.org/sentences/eng/2408140.mp3	[sound:2408140.mp3]	sentence_20200521
3237513					I think that she won't come.	Sanırım o gelmeyecek.	https://audio.tatoeba.org/sentences/eng/3237513.mp3	[sound:3237513.mp3]	sentence_20200521
6829610					I think that I'm a lucky guy.	Şanslı bir adam olduğumu düşünüyorum.	https://audio.tatoeba.org/sentences/eng/6829610.mp3	[sound:6829610.mp3]	sentence_20200521
4127472					I think that I came too early.	Çok erken geldiğimi düşünüyorum.	https://audio.tatoeba.org/sentences/eng/4127472.mp3	[sound:4127472.mp3]	sentence_20200521
646558					I think that I drank too much.	Galiba çok fazla içtim.	https://audio.tatoeba.org/sentences/eng/646558.mp3	[sound:646558.mp3]	sentence_20200521
3237514					I think that she will not come.	Ben onun gelmeyeceğini düşünüyorum.	https://audio.tatoeba.org/sentences/eng/3237514.mp3	[sound:3237514.mp3]	sentence_20200521
6088089					I think that I'll do that today.	Onu bugün yapacağımı düşünüyorum.	https://audio.tatoeba.org/sentences/eng/6088089.mp3	[sound:6088089.mp3]	sentence_20200521
321935					I think that she knows the truth.	Sanırım o, gerçeği biliyor.	https://audio.tatoeba.org/sentences/eng/321935.mp3	[sound:321935.mp3]	sentence_20200521
6086298					I think that I'm going to do that.	Sanırım onu yapacağım.	https://audio.tatoeba.org/sentences/eng/6086298.mp3	[sound:6086298.mp3]	sentence_20200521
6125678					I think that I'm going to help Tom.	Sanırım Tom'a yardım edeceğim.	https://audio.tatoeba.org/sentences/eng/6125678.mp3	[sound:6125678.mp3]	sentence_20200521
7123674					I think that I should let Tom leave.	Sanırım Tom'un gitmesine izin vermeliyim.	https://audio.tatoeba.org/sentences/eng/7123674.mp3	[sound:7123674.mp3]	sentence_20200521
6086272					I think that I'll leave early today.	Sanırım bugün erken ayrılacağım.	https://audio.tatoeba.org/sentences/eng/6086272.mp3	[sound:6086272.mp3]	sentence_20200521
1776165					I think that I soon will go to sleep.	Yakında uyuyacağımı düşünüyorum.	https://audio.tatoeba.org/sentences/eng/1776165.mp3	[sound:1776165.mp3]	sentence_20200521
5146698					I think that I was followed by someone.	Biri tarafından takip edildiğimi düşünüyorum.	https://audio.tatoeba.org/sentences/eng/5146698.mp3	[sound:5146698.mp3]	sentence_20200521
4017460					I think that I'll be in Boston by 2:30.	2.30'a kadar Boston'da olacağımı düşünüyorum.	https://audio.tatoeba.org/sentences/eng/4017460.mp3	[sound:4017460.mp3]	sentence_20200521
6086341					I think that I'll play tennis with Tom.	Sanırım Tom ile tenis oynayacağım.	https://audio.tatoeba.org/sentences/eng/6086341.mp3	[sound:6086341.mp3]	sentence_20200521
3961306					I think that I'm doing something wrong.	Sanırım yanlış bir şey yapıyorum.	https://audio.tatoeba.org/sentences/eng/3961306.mp3	[sound:3961306.mp3]	sentence_20200521
297274					He said that I must go.	O, gitmem gerektiğini söyledi.	https://audio.tatoeba.org/sentences/eng/297274.mp3	[sound:297274.mp3]	sentence_20200521
5154787					I said that I liked Tom.	Tom'u sevdiğimi söyledim.	https://audio.tatoeba.org/sentences/eng/5154787.mp3	[sound:5154787.mp3]	sentence_20200521
6270560					I said that I'd do that.	Bunu yapacağımı söyledim.	https://audio.tatoeba.org/sentences/eng/6270560.mp3	[sound:6270560.mp3]	sentence_20200521
316673					She said that she was ill.	O, hasta olduğunu söyledi.	https://audio.tatoeba.org/sentences/eng/316673.mp3	[sound:316673.mp3]	sentence_20200521
5448736					Tom said that I had to go.	Tom gitmek zorunda olduğumuzu söyledi.	https://audio.tatoeba.org/sentences/eng/5448736.mp3	[sound:5448736.mp3]	sentence_20200521
1097938					I said that I was confused.	Şaşkın olduğumu söyledim.	https://audio.tatoeba.org/sentences/eng/1097938.mp3	[sound:1097938.mp3]	sentence_20200521
5840394					Tom said that I look bored.	Tom sıkılmış göründüğümü söyledi.	https://audio.tatoeba.org/sentences/eng/5840394.mp3	[sound:5840394.mp3]	sentence_20200521
5840392					Tom said that I look tired.	Tom yorgun göründüğümü söyledi.	https://audio.tatoeba.org/sentences/eng/5840392.mp3	[sound:5840392.mp3]	sentence_20200521
6353656					Tom said that I should win.	Tom kazanmam gerektiğini söyledi.	https://audio.tatoeba.org/sentences/eng/6353656.mp3	[sound:6353656.mp3]	sentence_20200521
240778					She said that she was happy.	O, mutlu olduğunu söyledi.	https://audio.tatoeba.org/sentences/eng/240778.mp3	[sound:240778.mp3]	sentence_20200521
297247					He said that I must go there.	O, oraya gitmem gerektiğini söyledi.	https://audio.tatoeba.org/sentences/eng/297247.mp3	[sound:297247.mp3]	sentence_20200521
3162129					I said that I would help Tom.	Tom'a yardım edeceğimi söyledim.	https://audio.tatoeba.org/sentences/eng/3162129.mp3	[sound:3162129.mp3]	sentence_20200521
1836127					I said that I would help him.	Ona yardım edeceğimi söyledim.	https://audio.tatoeba.org/sentences/eng/1836127.mp3	[sound:1836127.mp3]	sentence_20200521
5840362					Tom said that I looked awful.	Tom korkunç göründüğümü söyledi.	https://audio.tatoeba.org/sentences/eng/5840362.mp3	[sound:5840362.mp3]	sentence_20200521
3472872					Tom said that I should leave.	Tom gitmem gerektiğini söyledi.	https://audio.tatoeba.org/sentences/eng/3472872.mp3	[sound:3472872.mp3]	sentence_20200521
5840360					Tom said that I was reckless.	Tom pervasız olduğumu söyledi.	https://audio.tatoeba.org/sentences/eng/5840360.mp3	[sound:5840360.mp3]	sentence_20200521
5852330					Tom said that I can't come in.	Tom içeri giremeyeceğimi söyledi.	https://audio.tatoeba.org/sentences/eng/5852330.mp3	[sound:5852330.mp3]	sentence_20200521
5852323					Tom said that I sounded tired.	Tom yorgun göründüğümü söyledi.	https://audio.tatoeba.org/sentences/eng/5852323.mp3	[sound:5852323.mp3]	sentence_20200521
5852316					Tom said that I was too noisy.	Tom çok gürültülü olduğumu söyledi.	https://audio.tatoeba.org/sentences/eng/5852316.mp3	[sound:5852316.mp3]	sentence_20200521
276544					Everyone said that I was wrong.	Herkes hatalı olduğumu söyledi.	https://audio.tatoeba.org/sentences/eng/276544.mp3	[sound:276544.mp3]	sentence_20200521
6264658					Tom said that I should do that.	Tom bunu yapmam gerektiğini söyledi.	https://audio.tatoeba.org/sentences/eng/6264658.mp3	[sound:6264658.mp3]	sentence_20200521
3181769					Tom said that I talked to much.	Tom çok fazla konuştuğumu söyledi.	https://audio.tatoeba.org/sentences/eng/3181769.mp3	[sound:3181769.mp3]	sentence_20200521
6257030					I said that I wanted to do that.	Bunu yapmak istediğimi söyledim.	https://audio.tatoeba.org/sentences/eng/6257030.mp3	[sound:6257030.mp3]	sentence_20200521
313585					She said that she had been happy.	O, mutlu olduğunu söyledi.	https://audio.tatoeba.org/sentences/eng/313585.mp3	[sound:313585.mp3]	sentence_20200521
5859839					Tom said that I looked miserable.	Tom sefil göründüğümü söyledi.	https://audio.tatoeba.org/sentences/eng/5859839.mp3	[sound:5859839.mp3]	sentence_20200521
6258088					Tom said that I shouldn't do that.	Tom bunu yapmamam gerektiğini söyledi.	https://audio.tatoeba.org/sentences/eng/6258088.mp3	[sound:6258088.mp3]	sentence_20200521
7182489					Tom said he knew that I was coming.	Tom geldiğimi bildiğini söyledi.	https://audio.tatoeba.org/sentences/eng/7182489.mp3	[sound:7182489.mp3]	sentence_20200521
5255772					Tom said he knew that I would come.	Tom geleceğimi bildiğini söyledi.	https://audio.tatoeba.org/sentences/eng/5255772.mp3	[sound:5255772.mp3]	sentence_20200521
3359862					She said that I should quit smoking.	O, sigarayı bırakmam gerektiğini söyledi.	https://audio.tatoeba.org/sentences/eng/3359862.mp3	[sound:3359862.mp3]	sentence_20200521
787520					She said that she's living in Osaka.	O, Osaka'da yaşıyor olduğunu söyledi.	https://audio.tatoeba.org/sentences/eng/787520.mp3	[sound:787520.mp3]	sentence_20200521
7182181					Tom said he thought that I was dead.	Tom öldüğümü düşündüğünü söyledi.	https://audio.tatoeba.org/sentences/eng/7182181.mp3	[sound:7182181.mp3]	sentence_20200521
6253092					Tom said that I had to speak French.	Tom, Fransızca konuşmam gerektiğini söyledi.	https://audio.tatoeba.org/sentences/eng/6253092.mp3	[sound:6253092.mp3]	sentence_20200521
6267087					You say that I'll do that.	Bunu yapacağımı söylüyorsun.	https://audio.tatoeba.org/sentences/eng/6267087.mp3	[sound:6267087.mp3]	sentence_20200521
313572					She says that she is happy.	O mutlu olduğunu söylüyor.	https://audio.tatoeba.org/sentences/eng/313572.mp3	[sound:313572.mp3]	sentence_20200521
1866416					She says that she's lonely.	O yalnız olduğunu söylüyor.	https://audio.tatoeba.org/sentences/eng/1866416.mp3	[sound:1866416.mp3]	sentence_20200521
2055279					They say that Isabela died.	Onlar İsabela'nın öldüğünü söylüyorlar.	https://audio.tatoeba.org/sentences/eng/2055279.mp3	[sound:2055279.mp3]	sentence_20200521
5840388					Tom says that I'm annoying.	Tom can sıkıcı olduğumu söylüyor.	https://audio.tatoeba.org/sentences/eng/5840388.mp3	[sound:5840388.mp3]	sentence_20200521
68157					They say that I'm an old woman.	Onlar benim yaşlı bir kadın olduğumu söylüyorlar.	https://audio.tatoeba.org/sentences/eng/68157.mp3	[sound:68157.mp3]	sentence_20200521
313900					They say that she quit her job.	Onlar onun işini bıraktığını söylüyorlar.	https://audio.tatoeba.org/sentences/eng/313900.mp3	[sound:313900.mp3]	sentence_20200521
5858157					People say that I look like Tom.	İnsanlar Tom'a benzediğimi söylüyorlar.	https://audio.tatoeba.org/sentences/eng/5858157.mp3	[sound:5858157.mp3]	sentence_20200521
312904					She says that she likes flowers.	O, çiçekleri sevdiğini söylüyor.	https://audio.tatoeba.org/sentences/eng/312904.mp3	[sound:312904.mp3]	sentence_20200521
394636					They say that she is in love with him.	Onun ona âşık olduğunu söylüyorlar.	https://audio.tatoeba.org/sentences/eng/394636.mp3	[sound:394636.mp3]	sentence_20200521
311674					They say that she was born in Germany.	Onun Almanya'da doğduğunu söylüyorlar.	https://audio.tatoeba.org/sentences/eng/311674.mp3	[sound:311674.mp3]	sentence_20200521
312318					They say that she'll get married soon.	Onun yakında evleneceğini söylüyorlar.	https://audio.tatoeba.org/sentences/eng/312318.mp3	[sound:312318.mp3]	sentence_20200521
3722277					Tom says he sees things that I can't see.	Tom göremediğim şeyleri gördüğünü söyler.	https://audio.tatoeba.org/sentences/eng/3722277.mp3	[sound:3722277.mp3]	sentence_20200521
5850899					Tom says that I always talk about myself.	Tom hep kendim hakkımda konuştuğumu söylüyor.	https://audio.tatoeba.org/sentences/eng/5850899.mp3	[sound:5850899.mp3]	sentence_20200521
5152663					I told Tom that I'd do it.	Onu yapacağımı Tom'a söyledim.	https://audio.tatoeba.org/sentences/eng/5152663.mp3	[sound:5152663.mp3]	sentence_20200521
6270911					Tom told me that I'm last.	Tom bana sonuncu olduğumu söyledi.	https://audio.tatoeba.org/sentences/eng/6270911.mp3	[sound:6270911.mp3]	sentence_20200521
6270908					Tom told me that I'm safe.	Tom güvende olduğumu söyledi.	https://audio.tatoeba.org/sentences/eng/6270908.mp3	[sound:6270908.mp3]	sentence_20200521
6270905					Tom told me that I'm slow.	Tom bana yavaş olduğumu söyledi.	https://audio.tatoeba.org/sentences/eng/6270905.mp3	[sound:6270905.mp3]	sentence_20200521
6354144					Who told you that I snore?	Kim sana horladığımı söyledi?	https://audio.tatoeba.org/sentences/eng/6354144.mp3	[sound:6354144.mp3]	sentence_20200521
5766224					I told Tom that I was busy.	Tom'a meşgul olduğumu söyledim.	https://audio.tatoeba.org/sentences/eng/5766224.mp3	[sound:5766224.mp3]	sentence_20200521
5766228					I told Tom that I was cold.	Tom'a üşüdüğümü söyledim.	https://audio.tatoeba.org/sentences/eng/5766228.mp3	[sound:5766228.mp3]	sentence_20200521
6269914					Tom told me that I'm first.	Tom bana birinci olduğumu söyledi.	https://audio.tatoeba.org/sentences/eng/6269914.mp3	[sound:6269914.mp3]	sentence_20200521
6269911					Tom told me that I'm pushy.	Tom bana saldırgan olduğumu söyledi.	https://audio.tatoeba.org/sentences/eng/6269911.mp3	[sound:6269911.mp3]	sentence_20200521
6269908					Tom told me that I'm right.	Tom bana haklı olduğumu söyledi.	https://audio.tatoeba.org/sentences/eng/6269908.mp3	[sound:6269908.mp3]	sentence_20200521
6349200					I told Tom that I can't win.	Tom'a kazanamayacağımı söyledim.	https://audio.tatoeba.org/sentences/eng/6349200.mp3	[sound:6349200.mp3]	sentence_20200521
6531299					I told Tom that I loved him.	Tom'a onu sevdiğimi söyledim.	https://audio.tatoeba.org/sentences/eng/6531299.mp3	[sound:6531299.mp3]	sentence_20200521
5621841					I told Tom that I was happy.	Tom'a mutlu olduğumu söyledim.	https://audio.tatoeba.org/sentences/eng/5621841.mp3	[sound:5621841.mp3]	sentence_20200521
5621865					I told Tom that I was tired.	Tom'a yorgun olduğumu söyledim.	https://audio.tatoeba.org/sentences/eng/5621865.mp3	[sound:5621865.mp3]	sentence_20200521
5152664					I told Tom that I'd be late.	Geç kalacağımı Tom'a söyledim.	https://audio.tatoeba.org/sentences/eng/5152664.mp3	[sound:5152664.mp3]	sentence_20200521
6268735					Tom told me that I'm boring.	Tom bana sıkıcı olduğumu söyledi.	https://audio.tatoeba.org/sentences/eng/6268735.mp3	[sound:6268735.mp3]	sentence_20200521
297704					He told me that she was sick.	O bana hasta olduğunu söyledi.	https://audio.tatoeba.org/sentences/eng/297704.mp3	[sound:297704.mp3]	sentence_20200521
5441783					I told Mary that I loved her.	Mary'ye onu sevdiğimi söyledim.	https://audio.tatoeba.org/sentences/eng/5441783.mp3	[sound:5441783.mp3]	sentence_20200521
5154784					I told Tom that I liked Mary.	Mary'yi sevdiğimi Tom'a söyledim.	https://audio.tatoeba.org/sentences/eng/5154784.mp3	[sound:5154784.mp3]	sentence_20200521
5774064					I told Tom that I was hungry.	Tom'a aç olduğumu söyledim.	https://audio.tatoeba.org/sentences/eng/5774064.mp3	[sound:5774064.mp3]	sentence_20200521
3823840					I told Tom that I'd help him.	Tom'a ona yardım edeceğimizi söyledim.	https://audio.tatoeba.org/sentences/eng/3823840.mp3	[sound:3823840.mp3]	sentence_20200521
5624032					I told Tom I that I loved him.	Tom'a onu sevdiğimi söyledim.	https://audio.tatoeba.org/sentences/eng/5624032.mp3	[sound:5624032.mp3]	sentence_20200521
5780452					I told Tom that I was thirsty.	Tom'a susadığımı söyledim.	https://audio.tatoeba.org/sentences/eng/5780452.mp3	[sound:5780452.mp3]	sentence_20200521
2952514					I told Tom that I wasn't busy.	Tom'a meşgul olmadığımı söyledim.	https://audio.tatoeba.org/sentences/eng/2952514.mp3	[sound:2952514.mp3]	sentence_20200521
3822804					I told Tom that I'd help Mary.	Tom'a Mary'ye yardım edeceğimi söyledim.	https://audio.tatoeba.org/sentences/eng/3822804.mp3	[sound:3822804.mp3]	sentence_20200521
1618745					I told her that she was right.	Ben ona onun haklı olduğunu söyledim.	https://audio.tatoeba.org/sentences/eng/1618745.mp3	[sound:1618745.mp3]	sentence_20200521
3905532					I told them that I'd help you.	Onlara sana yardım edeceğimi söyledim.	https://audio.tatoeba.org/sentences/eng/3905532.mp3	[sound:3905532.mp3]	sentence_20200521
2542642					I told you that I didn't know.	Ben sana bilmediğimi söyledim.	https://audio.tatoeba.org/sentences/eng/2542642.mp3	[sound:2542642.mp3]	sentence_20200521
887457					She told him that she was sad.	O, ona üzgün olduğunu söyledi.	https://audio.tatoeba.org/sentences/eng/887457.mp3	[sound:887457.mp3]	sentence_20200521
954263					She told me that she loved me.	O, bana beni sevdiğini söyledi.	https://audio.tatoeba.org/sentences/eng/954263.mp3	[sound:954263.mp3]	sentence_20200521
5916747					Tom told me that I was pretty.	Tom bana güzel olduğumu söyledi.	https://audio.tatoeba.org/sentences/eng/5916747.mp3	[sound:5916747.mp3]	sentence_20200521
6266066					Tom told me that I'm annoying.	Tom bana can sıkıcı olduğumu söyledi.	https://audio.tatoeba.org/sentences/eng/6266066.mp3	[sound:6266066.mp3]	sentence_20200521
6266063					Tom told me that I'm forgiven.	Tom bana affedildiğimi söyledi.	https://audio.tatoeba.org/sentences/eng/6266063.mp3	[sound:6266063.mp3]	sentence_20200521
297274					He said that I must go.	O, gitmem gerektiğini söyledi.	https://audio.tatoeba.org/sentences/eng/297274.mp3	[sound:297274.mp3]	sentence_20200521
5747026					You're all that I have.	Sen benim sahip olduğum her şeysin.	https://audio.tatoeba.org/sentences/eng/5747026.mp3	[sound:5747026.mp3]	sentence_20200521
3716048					I hope that I can do it.	Umarım bunu yapabilirim.	https://audio.tatoeba.org/sentences/eng/3716048.mp3	[sound:3716048.mp3]	sentence_20200521
5154787					I said that I liked Tom.	Tom'u sevdiğimi söyledim.	https://audio.tatoeba.org/sentences/eng/5154787.mp3	[sound:5154787.mp3]	sentence_20200521
6270560					I said that I'd do that.	Bunu yapacağımı söyledim.	https://audio.tatoeba.org/sentences/eng/6270560.mp3	[sound:6270560.mp3]	sentence_20200521
5835684					I'm sorry that I did it.	Bunu yaptığıma üzgünüm.	https://audio.tatoeba.org/sentences/eng/5835684.mp3	[sound:5835684.mp3]	sentence_20200521
6270560					I said that I'd do that.	Bunu yapacağımı söyledim.	https://audio.tatoeba.org/sentences/eng/6270560.mp3	[sound:6270560.mp3]	sentence_20200521
5835684					I'm sorry that I did it.	Bunu yaptığıma üzgünüm.	https://audio.tatoeba.org/sentences/eng/5835684.mp3	[sound:5835684.mp3]	sentence_20200521
2491835					I'm sure that I'm right.	Ben haklı olduğuma eminim.	https://audio.tatoeba.org/sentences/eng/2491835.mp3	[sound:2491835.mp3]	sentence_20200521
3199962					Tell Tom that I'm fine.	Tom'a iyi olduğumu söyle.	https://audio.tatoeba.org/sentences/eng/3199962.mp3	[sound:3199962.mp3]	sentence_20200521
3921162					Tell Tom that I'm here.	Tom'a burada olduğumu söyle.	https://audio.tatoeba.org/sentences/eng/3921162.mp3	[sound:3921162.mp3]	sentence_20200521
6823397					Tell Tom that I feel OK.	Tom'a kendimi iyi hissettiğimi söyle.	https://audio.tatoeba.org/sentences/eng/6823397.mp3	[sound:6823397.mp3]	sentence_20200521
5592761					Tell Tom that I'm angry.	Tom'a kızgın olduğumu söyle.	https://audio.tatoeba.org/sentences/eng/5592761.mp3	[sound:5592761.mp3]	sentence_20200521
4755595					Tell Tom that I'm ready.	Tom'a hazır olduğumu söyle.	https://audio.tatoeba.org/sentences/eng/4755595.mp3	[sound:4755595.mp3]	sentence_20200521
3200021					Tell Tom that I'm sorry.	Tom'a üzgün olduğumu söyle.	https://audio.tatoeba.org/sentences/eng/3200021.mp3	[sound:3200021.mp3]	sentence_20200521
1740442					Tell her that I am busy.	Ona meşgul olduğumu söyle.	https://audio.tatoeba.org/sentences/eng/1740442.mp3	[sound:1740442.mp3]	sentence_20200521
1740436					Tell her that I am sick.	Ona hasta olduğumu söyle.	https://audio.tatoeba.org/sentences/eng/1740436.mp3	[sound:1740436.mp3]	sentence_20200521
3200092					Tell Tom that I love him.	Tom'a onu sevdiğimi söyle.	https://audio.tatoeba.org/sentences/eng/3200092.mp3	[sound:3200092.mp3]	sentence_20200521
3823831					Tell Tom that I miss him.	Tom'a onu özlediğimi söyle.	https://audio.tatoeba.org/sentences/eng/3823831.mp3	[sound:3823831.mp3]	sentence_20200521
3200091					Tell Tom that I'll do it.	Tom'a onu yapacağımı söyle.	https://audio.tatoeba.org/sentences/eng/3200091.mp3	[sound:3200091.mp3]	sentence_20200521
5596984					Tell Tom that I'm coming.	Tom'a geldiğimi söyle.	https://audio.tatoeba.org/sentences/eng/5596984.mp3	[sound:5596984.mp3]	sentence_20200521
5597069					Tell Tom that I'm eating.	Tom'a yemek yediğimi söyle.	https://audio.tatoeba.org/sentences/eng/5597069.mp3	[sound:5597069.mp3]	sentence_20200521
5597073					Tell Tom that I'm hungry.	Tom'a aç olduğumu söyle.	https://audio.tatoeba.org/sentences/eng/5597073.mp3	[sound:5597073.mp3]	sentence_20200521
1741645					Tell her that I am angry.	Ona kızgın olduğumu söyle.	https://audio.tatoeba.org/sentences/eng/1741645.mp3	[sound:1741645.mp3]	sentence_20200521
1740450					Tell her that I am tired.	Ona yorgun olduğumu söyle.	https://audio.tatoeba.org/sentences/eng/1740450.mp3	[sound:1740450.mp3]	sentence_20200521
5609599					Tell Tom that I'm driving.	Tom'a araba sürdüğümü söyle.	https://audio.tatoeba.org/sentences/eng/5609599.mp3	[sound:5609599.mp3]	sentence_20200521
5609603					Tell Tom that I'm thirsty.	Tom'a susadığımı söyle.	https://audio.tatoeba.org/sentences/eng/5609603.mp3	[sound:5609603.mp3]	sentence_20200521
1741557					Tell her that I am coming.	Ona geldiğimi söyle.	https://audio.tatoeba.org/sentences/eng/1741557.mp3	[sound:1741557.mp3]	sentence_20200521
1741545					Tell her that I am eating.	Ona yemek yediğimi söyle.	https://audio.tatoeba.org/sentences/eng/1741545.mp3	[sound:1741545.mp3]	sentence_20200521
6349569					Tell Tom that I'll do that.	Tom'a bunu yapacağımı söyle.	https://audio.tatoeba.org/sentences/eng/6349569.mp3	[sound:6349569.mp3]	sentence_20200521
5614393					Tell Tom that I'm sleeping.	Uyuyor olduğumu Tom'a söyleyin.	https://audio.tatoeba.org/sentences/eng/5614393.mp3	[sound:5614393.mp3]	sentence_20200521
1741629					Tell her that I am fishing.	Ona balık avladığımı söyle.	https://audio.tatoeba.org/sentences/eng/1741629.mp3	[sound:1741629.mp3]	sentence_20200521
555298					This is all that I know.	Bütün bildiğim budur.	https://audio.tatoeba.org/sentences/eng/555298.mp3	[sound:555298.mp3]	sentence_20200521
6440042					Tom knew that I was mad.	Tom kızdığımı biliyordu.	https://audio.tatoeba.org/sentences/eng/6440042.mp3	[sound:6440042.mp3]	sentence_20200521
6440041					Tom knew that I was sad.	Tom üzgün olduğumu biliyordu.	https://audio.tatoeba.org/sentences/eng/6440041.mp3	[sound:6440041.mp3]	sentence_20200521
6104627					I wish that I could help.	Keşke yardım edebilsem.	https://audio.tatoeba.org/sentences/eng/6104627.mp3	[sound:6104627.mp3]	sentence_20200521
6090808					I wish that I wasn't here.	Keşke burada olmasam.	https://audio.tatoeba.org/sentences/eng/6090808.mp3	[sound:6090808.mp3]	sentence_20200521
6090788					I wish that I weren't here.	Keşke burada olmasam.	https://audio.tatoeba.org/sentences/eng/6090788.mp3	[sound:6090788.mp3]	sentence_20200521
4135161					I wish that I could do more.	Keşke daha fazlasını yapabilsem.	https://audio.tatoeba.org/sentences/eng/4135161.mp3	[sound:4135161.mp3]	sentence_20200521
6089911					I wish that I could do that.	Keşke onu yapabilseydim.	https://audio.tatoeba.org/sentences/eng/6089911.mp3	[sound:6089911.mp3]	sentence_20200521
2543164					I wish that I could help you.	Sana yardım edebilmeyi istiyorum.	https://audio.tatoeba.org/sentences/eng/2543164.mp3	[sound:2543164.mp3]	sentence_20200521
6090247					I wish that I had some money.	Keşke biraz param olsaydı.	https://audio.tatoeba.org/sentences/eng/6090247.mp3	[sound:6090247.mp3]	sentence_20200521
6090809					I wish that I hadn't hit Tom.	Keşke Tom'a vurmasaydım.	https://audio.tatoeba.org/sentences/eng/6090809.mp3	[sound:6090809.mp3]	sentence_20200521
6090243					I wish that I wasn't married.	Keşke evli olmasaydım.	https://audio.tatoeba.org/sentences/eng/6090243.mp3	[sound:6090243.mp3]	sentence_20200521
6088157					I wish that I hadn't done that.	Keşke onu yapmasaydım.	https://audio.tatoeba.org/sentences/eng/6088157.mp3	[sound:6088157.mp3]	sentence_20200521
6089853					I wish that I hadn't said that.	Keşke onu söylememiş olsaydım.	https://audio.tatoeba.org/sentences/eng/6089853.mp3	[sound:6089853.mp3]	sentence_20200521
489412					I wish that I were young again.	Keşke tekrar genç olsam.	https://audio.tatoeba.org/sentences/eng/489412.mp3	[sound:489412.mp3]	sentence_20200521
873173					It's a car that I bought.	Bu benim aldığım bir araba.	https://audio.tatoeba.org/sentences/eng/873173.mp3	[sound:873173.mp3]	sentence_20200521
388852					It's true that she's dead.	Onun öldüğü gerçektir.	https://audio.tatoeba.org/sentences/eng/388852.mp3	[sound:388852.mp3]	sentence_20200521
388853					It's obvious that she's sick.	Onun hasta olduğu bellidir.	https://audio.tatoeba.org/sentences/eng/388853.mp3	[sound:388853.mp3]	sentence_20200521
394635					It's said that she loves him.	Onun onu sevdiği söylenilmektedir.	https://audio.tatoeba.org/sentences/eng/394635.mp3	[sound:394635.mp3]	sentence_20200521
3819826					It's important that I do this.	Bunu yapmam önemli.	https://audio.tatoeba.org/sentences/eng/3819826.mp3	[sound:3819826.mp3]	sentence_20200521
6346752					It's Tom that I want to talk to.	Benim konuşmak istediğim Tom'dur.	https://audio.tatoeba.org/sentences/eng/6346752.mp3	[sound:6346752.mp3]	sentence_20200521
1946832					It's important that I hear this.	Benim bunu duymam önemli.	https://audio.tatoeba.org/sentences/eng/1946832.mp3	[sound:1946832.mp3]	sentence_20200521
903407					It's likely that she'll succeed.	O muhtemelen başaracaktır.	https://audio.tatoeba.org/sentences/eng/903407.mp3	[sound:903407.mp3]	sentence_20200521
5495443					It's not your money that I want.	Benim istediğim senin paran değil.	https://audio.tatoeba.org/sentences/eng/5495443.mp3	[sound:5495443.mp3]	sentence_20200521
308175					It's you that she loves, not me.	Onun sevdiği sensin, ben değil.	https://audio.tatoeba.org/sentences/eng/308175.mp3	[sound:308175.mp3]	sentence_20200521
1328392					It's possible that she won't come.	Onun gelmeyeceği mümkün.	https://audio.tatoeba.org/sentences/eng/1328392.mp3	[sound:1328392.mp3]	sentence_20200521
2047220					It's impossible that she said that.	Bunu söylemiş olması imkansız.	https://audio.tatoeba.org/sentences/eng/2047220.mp3	[sound:2047220.mp3]	sentence_20200521
6440042					Tom knew that I was mad.	Tom kızdığımı biliyordu.	https://audio.tatoeba.org/sentences/eng/6440042.mp3	[sound:6440042.mp3]	sentence_20200521
6440041					Tom knew that I was sad.	Tom üzgün olduğumu biliyordu.	https://audio.tatoeba.org/sentences/eng/6440041.mp3	[sound:6440041.mp3]	sentence_20200521
6439861					Tom knew that I was busy.	Tom meşgul olduğumu biliyordu.	https://audio.tatoeba.org/sentences/eng/6439861.mp3	[sound:6439861.mp3]	sentence_20200521
6439860					Tom knew that I was cold.	Tom üşüdüğümü biliyordu.	https://audio.tatoeba.org/sentences/eng/6439860.mp3	[sound:6439860.mp3]	sentence_20200521
6439859					Tom knew that I was here.	Tom burada olduğumu biliyordu.	https://audio.tatoeba.org/sentences/eng/6439859.mp3	[sound:6439859.mp3]	sentence_20200521
6439858					Tom knew that I was sick.	Tom hasta olduğumu biliyordu.	https://audio.tatoeba.org/sentences/eng/6439858.mp3	[sound:6439858.mp3]	sentence_20200521
6439660					Tom knew that I was angry.	Tom öfkelendiğimi biliyordu.	https://audio.tatoeba.org/sentences/eng/6439660.mp3	[sound:6439660.mp3]	sentence_20200521
6439659					Tom knew that I was awake.	Tom uyanık olduğumu biliyordu.	https://audio.tatoeba.org/sentences/eng/6439659.mp3	[sound:6439659.mp3]	sentence_20200521
6439658					Tom knew that I was bored.	Tom sıkıldığımı biliyordu.	https://audio.tatoeba.org/sentences/eng/6439658.mp3	[sound:6439658.mp3]	sentence_20200521
6439657					Tom knew that I was broke.	Tom meteliksiz olduğumu biliyordu.	https://audio.tatoeba.org/sentences/eng/6439657.mp3	[sound:6439657.mp3]	sentence_20200521
6439656					Tom knew that I was drunk.	Tom sarhoş olduğumu biliyordu.	https://audio.tatoeba.org/sentences/eng/6439656.mp3	[sound:6439656.mp3]	sentence_20200521
6439655					Tom knew that I was ready.	Tom hazır olduğumu biliyordu.	https://audio.tatoeba.org/sentences/eng/6439655.mp3	[sound:6439655.mp3]	sentence_20200521
6439654					Tom knew that I was right.	Tom haklı olduğumu biliyordu.	https://audio.tatoeba.org/sentences/eng/6439654.mp3	[sound:6439654.mp3]	sentence_20200521
6439653					Tom knew that I was tired.	Tom yorgun olduğumu biliyordu.	https://audio.tatoeba.org/sentences/eng/6439653.mp3	[sound:6439653.mp3]	sentence_20200521
6439652					Tom knew that I was upset.	Tom üzgün olduğumu biliyordu.	https://audio.tatoeba.org/sentences/eng/6439652.mp3	[sound:6439652.mp3]	sentence_20200521
6439651					Tom knew that I'd be late.	Tom geç kalacağımı biliyordu.	https://audio.tatoeba.org/sentences/eng/6439651.mp3	[sound:6439651.mp3]	sentence_20200521
6439428					Tom knew that I was afraid.	Tom korktuğumu biliyordu.	https://audio.tatoeba.org/sentences/eng/6439428.mp3	[sound:6439428.mp3]	sentence_20200521
6439427					Tom knew that I was hungry.	Tom acıktığımı biliyordu.	https://audio.tatoeba.org/sentences/eng/6439427.mp3	[sound:6439427.mp3]	sentence_20200521
6439426					Tom knew that I was lonely.	Tom yalnız olduğumu biliyordu.	https://audio.tatoeba.org/sentences/eng/6439426.mp3	[sound:6439426.mp3]	sentence_20200521
6439425					Tom knew that I was scared.	Tom korktuğumu biliyordu.	https://audio.tatoeba.org/sentences/eng/6439425.mp3	[sound:6439425.mp3]	sentence_20200521
6439424					Tom knew that I was sleepy.	Tom uykulu olduğumu biliyordu.	https://audio.tatoeba.org/sentences/eng/6439424.mp3	[sound:6439424.mp3]	sentence_20200521
316672					It seems that she was ill.	O, hastaymış gibi görünüyor.	https://audio.tatoeba.org/sentences/eng/316672.mp3	[sound:316672.mp3]	sentence_20200521
313581					It seems that she's happy.	O, mutlu gibi görünüyor.	https://audio.tatoeba.org/sentences/eng/313581.mp3	[sound:313581.mp3]	sentence_20200521
257267					It seems that I have lost my keys.	Anahtarlarımı kaybettim gibi geliyor.	https://audio.tatoeba.org/sentences/eng/257267.mp3	[sound:257267.mp3]	sentence_20200521
3179717					It seems that I'm not lucky today.	Ben bugün şanslı değilim gibi görünüyor.	https://audio.tatoeba.org/sentences/eng/3179717.mp3	[sound:3179717.mp3]	sentence_20200521
388306					It seems that she is keeping that secret.	Görünen o ki, o sırrı saklıyor.	https://audio.tatoeba.org/sentences/eng/388306.mp3	[sound:388306.mp3]	sentence_20200521
5215571					I believe that I can do it.	Ben bunu yapabileceğime inanıyorum.	https://audio.tatoeba.org/sentences/eng/5215571.mp3	[sound:5215571.mp3]	sentence_20200521
5243171					I believe that I belong here.	Ben buraya ait olduğuma inanıyorum.	https://audio.tatoeba.org/sentences/eng/5243171.mp3	[sound:5243171.mp3]	sentence_20200521
1988243					I believe that she is honest.	Onun dürüst olduğuna inanıyorum.	https://audio.tatoeba.org/sentences/eng/1988243.mp3	[sound:1988243.mp3]	sentence_20200521
5282547					I believe that I can trust you.	Sana güvenebileceğime inanıyorum.	https://audio.tatoeba.org/sentences/eng/5282547.mp3	[sound:5282547.mp3]	sentence_20200521
388311					I believe that she has never told a lie.	Onun asla yalan söylemediğine inanıyorum.	https://audio.tatoeba.org/sentences/eng/388311.mp3	[sound:388311.mp3]	sentence_20200521
5835684					I'm sorry that I did it.	Bunu yaptığıma üzgünüm.	https://audio.tatoeba.org/sentences/eng/5835684.mp3	[sound:5835684.mp3]	sentence_20200521
5831820					I'm sorry that I did that.	Onu yaptığım için üzgünüm.	https://audio.tatoeba.org/sentences/eng/5831820.mp3	[sound:5831820.mp3]	sentence_20200521
4063773					I'm sorry that I hurt you.	Seni incittiğim için üzgünüm.	https://audio.tatoeba.org/sentences/eng/4063773.mp3	[sound:4063773.mp3]	sentence_20200521
6439248					I'm sorry that I kissed Tom.	Tom'u öptüğüm için üzgünüm.	https://audio.tatoeba.org/sentences/eng/6439248.mp3	[sound:6439248.mp3]	sentence_20200521
6823417					I'm sorry that I lied to Tom.	Tom'a yalan söylediğim için üzgünüm.	https://audio.tatoeba.org/sentences/eng/6823417.mp3	[sound:6823417.mp3]	sentence_20200521
6438966					I'm sorry that I lied to you.	Sana yalan söylediğim için üzgünüm.	https://audio.tatoeba.org/sentences/eng/6438966.mp3	[sound:6438966.mp3]	sentence_20200521
2793505					I'm sorry that I bothered you.	Sizi rahatsız ettiğim için üzgünüm.	https://audio.tatoeba.org/sentences/eng/2793505.mp3	[sound:2793505.mp3]	sentence_20200521
6976392					I'm sorry that I broke my promise.	Sözümü tutmadığım için özür dilerim.	https://audio.tatoeba.org/sentences/eng/6976392.mp3	[sound:6976392.mp3]	sentence_20200521
2635415					I'm sorry that I can't come today.	Bugün gelemediğim için üzgünüm.	https://audio.tatoeba.org/sentences/eng/2635415.mp3	[sound:2635415.mp3]	sentence_20200521
3534543					I'm sorry that I made you do that.	Onu sana yaptırdığım için üzgünüm.	https://audio.tatoeba.org/sentences/eng/3534543.mp3	[sound:3534543.mp3]	sentence_20200521
5909905					I'm sorry that I acted like a jerk.	Bir pislik gibi davrandığım için özür dilerim.	https://audio.tatoeba.org/sentences/eng/5909905.mp3	[sound:5909905.mp3]	sentence_20200521
1487378					I'm sorry that I couldn't assist you.	Size yardım edemediğim için üzgünüm.	https://audio.tatoeba.org/sentences/eng/1487378.mp3	[sound:1487378.mp3]	sentence_20200521
1445499					I'm sorry that I didn't reply sooner.	Daha kısa sürede cevap vermediğim için üzgünüm.	https://audio.tatoeba.org/sentences/eng/1445499.mp3	[sound:1445499.mp3]	sentence_20200521
2712758					I'm sorry that I can't help you today.	Bugün sana yardım edemediğim için üzgünüm.	https://audio.tatoeba.org/sentences/eng/2712758.mp3	[sound:2712758.mp3]	sentence_20200521
3818341					I'm sorry that I lied to you yesterday.	Dün sana yalan söylediğim için üzgünüm.	https://audio.tatoeba.org/sentences/eng/3818341.mp3	[sound:3818341.mp3]	sentence_20200521
6829599					I'm sorry that I said the things I did.	Yaptığım şeyleri söylediğim için üzgünüm.	https://audio.tatoeba.org/sentences/eng/6829599.mp3	[sound:6829599.mp3]	sentence_20200521
3716048					I hope that I can do it.	Umarım bunu yapabilirim.	https://audio.tatoeba.org/sentences/eng/3716048.mp3	[sound:3716048.mp3]	sentence_20200521
261170					I hope that I'll see her.	Onu göreceğimi umuyorum.	https://audio.tatoeba.org/sentences/eng/261170.mp3	[sound:261170.mp3]	sentence_20200521
3736258					I hope that I can do that.	Onu yapabileceğimi umuyorum.	https://audio.tatoeba.org/sentences/eng/3736258.mp3	[sound:3736258.mp3]	sentence_20200521
6110331					I hope that I pass the exam.	Umarım sınavı geçerim.	https://audio.tatoeba.org/sentences/eng/6110331.mp3	[sound:6110331.mp3]	sentence_20200521
314450					I hope that she will help me.	Onun bana yardım edeceğini umuyorum.	https://audio.tatoeba.org/sentences/eng/314450.mp3	[sound:314450.mp3]	sentence_20200521
504850					I hope that she listens to me.	Umarım o beni dinler.	https://audio.tatoeba.org/sentences/eng/504850.mp3	[sound:504850.mp3]	sentence_20200521
308032					I hope that she'll get well soon.	Onun yakında iyileşeceğini umuyorum.	https://audio.tatoeba.org/sentences/eng/308032.mp3	[sound:308032.mp3]	sentence_20200521
308398					I hope that she will get well soon.	Yakında iyileşeceğini umuyorum.	https://audio.tatoeba.org/sentences/eng/308398.mp3	[sound:308398.mp3]	sentence_20200521
1372282					I hope that she'll get better soon.	Onun yakında iyileşeceğini umuyorum.	https://audio.tatoeba.org/sentences/eng/1372282.mp3	[sound:1372282.mp3]	sentence_20200521
5819721					I hope that I can sing with you someday.	Umarım birgün seninle şarkı söyleyebilirim.	https://audio.tatoeba.org/sentences/eng/5819721.mp3	[sound:5819721.mp3]	sentence_20200521
6266172					I thought that I'd do that.	Bunu yapacağımı düşündüm.	https://audio.tatoeba.org/sentences/eng/6266172.mp3	[sound:6266172.mp3]	sentence_20200521
7174166					I thought that I saw a ghost.	Bir hayalet gördüğümü düşündüm.	https://audio.tatoeba.org/sentences/eng/7174166.mp3	[sound:7174166.mp3]	sentence_20200521
7174180					I thought that I smelled bacon.	Ben domuz pastırması kokladığımı düşündüm.	https://audio.tatoeba.org/sentences/eng/7174180.mp3	[sound:7174180.mp3]	sentence_20200521
7174157					I thought that I performed well.	İyi yaptığımı düşündüm.	https://audio.tatoeba.org/sentences/eng/7174157.mp3	[sound:7174157.mp3]	sentence_20200521
7174163					I thought that I recognized Tom.	Tom'u tanıdığımı düşündüm.	https://audio.tatoeba.org/sentences/eng/7174163.mp3	[sound:7174163.mp3]	sentence_20200521
7174164					I thought that I recognized you.	Seni tanıdığımı düşündüm.	https://audio.tatoeba.org/sentences/eng/7174164.mp3	[sound:7174164.mp3]	sentence_20200521
7174167					I thought that I saw a light on.	Bir lambanın açık olduğunu gördüğümü sandım.	https://audio.tatoeba.org/sentences/eng/7174167.mp3	[sound:7174167.mp3]	sentence_20200521
3273246					I thought that she was pregnant.	Onun hamile olduğunu düşündüm.	https://audio.tatoeba.org/sentences/eng/3273246.mp3	[sound:3273246.mp3]	sentence_20200521
2540686					I thought that I had lost my keys.	Anahtarlarımı kaybettiğimi sandım.	https://audio.tatoeba.org/sentences/eng/2540686.mp3	[sound:2540686.mp3]	sentence_20200521
7174159					I thought that I put it in the car.	Onu arabaya koyduğumu düşündüm.	https://audio.tatoeba.org/sentences/eng/7174159.mp3	[sound:7174159.mp3]	sentence_20200521
7174183					I thought that I told you about it.	Onu sana anlattığımı sanıyordum.	https://audio.tatoeba.org/sentences/eng/7174183.mp3	[sound:7174183.mp3]	sentence_20200521
7174160					I thought that I put it right there.	Ben onu oraya koyduğumu düşündüm.	https://audio.tatoeba.org/sentences/eng/7174160.mp3	[sound:7174160.mp3]	sentence_20200521
7174169					I thought that I saw someone I knew.	Gördüğüm birini tanıdığımı sandım.	https://audio.tatoeba.org/sentences/eng/7174169.mp3	[sound:7174169.mp3]	sentence_20200521
2993572					Remember that I love you.	Seni sevdiğimi unutma.	https://audio.tatoeba.org/sentences/eng/2993572.mp3	[sound:2993572.mp3]	sentence_20200521
3818222					Remember that I outrank you.	Senin üstün olduğumu unutma.	https://audio.tatoeba.org/sentences/eng/3818222.mp3	[sound:3818222.mp3]	sentence_20200521
625906					I remember that I met the queen.	Kraliçeyle görüştüğümü hatırlıyorum.	https://audio.tatoeba.org/sentences/eng/625906.mp3	[sound:625906.mp3]	sentence_20200521
1767968					I remember that I closed the door.	Kapıyı kapattığımı hatırlıyorum.	https://audio.tatoeba.org/sentences/eng/1767968.mp3	[sound:1767968.mp3]	sentence_20200521
260323					I remember that I met him somewhere.	Onunla bir yerde karşılaştığımı hatırlıyorum.	https://audio.tatoeba.org/sentences/eng/260323.mp3	[sound:260323.mp3]	sentence_20200521
308548					I remember that she wore a green hat.	Onun yeşil bir şapka giydiğini hatırlıyorum.	https://audio.tatoeba.org/sentences/eng/308548.mp3	[sound:308548.mp3]	sentence_20200521
2491835					I'm sure that I'm right.	Ben haklı olduğuma eminim.	https://audio.tatoeba.org/sentences/eng/2491835.mp3	[sound:2491835.mp3]	sentence_20200521
5244082					I'm not sure that I like it.	Ben bunu sevdiğimden emin değilim.	https://audio.tatoeba.org/sentences/eng/5244082.mp3	[sound:5244082.mp3]	sentence_20200521
388877					I'm sure that she's correct.	Ben onun doğru olduğundan eminim.	https://audio.tatoeba.org/sentences/eng/388877.mp3	[sound:388877.mp3]	sentence_20200521
5267680					I'm very glad that I did it.	Onu yaptığıma çok memnun oldum.	https://audio.tatoeba.org/sentences/eng/5267680.mp3	[sound:5267680.mp3]	sentence_20200521
3735342					I was glad that I could help.	Yardım edebildiğime memnun oldum.	https://audio.tatoeba.org/sentences/eng/3735342.mp3	[sound:3735342.mp3]	sentence_20200521
1422699					I'm glad that I'm not paying.	Ödeme yapmadığım için memnunum.	https://audio.tatoeba.org/sentences/eng/1422699.mp3	[sound:1422699.mp3]	sentence_20200521
6687673					I'm not sure that I trust Tom.	Tom'a güvendiğimden emin değilim.	https://audio.tatoeba.org/sentences/eng/6687673.mp3	[sound:6687673.mp3]	sentence_20200521
5282231					I'm very glad that I did that.	Onu yaptığıma çok memnun oldum.	https://audio.tatoeba.org/sentences/eng/5282231.mp3	[sound:5282231.mp3]	sentence_20200521
5255816					I'm glad that I still live here.	Hâlâ burada yaşadığıma memnunum.	https://audio.tatoeba.org/sentences/eng/5255816.mp3	[sound:5255816.mp3]	sentence_20200521
2540907					I'm not sure that I can help you.	Sana yardım edebileceğimden emin değilim.	https://audio.tatoeba.org/sentences/eng/2540907.mp3	[sound:2540907.mp3]	sentence_20200521
5850017					I'm pretty sure that I won't win.	Kazanmayacağımdan oldukça eminim.	https://audio.tatoeba.org/sentences/eng/5850017.mp3	[sound:5850017.mp3]	sentence_20200521
5916921					Tom suggested that I do that.	Tom onu yapmamı önerdi.	https://audio.tatoeba.org/sentences/eng/5916921.mp3	[sound:5916921.mp3]	sentence_20200521
260997					I suggested that she go alone.	Ona yalnız gitmesini önerdim.	https://audio.tatoeba.org/sentences/eng/260997.mp3	[sound:260997.mp3]	sentence_20200521
6126498					Tom suggested that I not do that.	Tom onu yapmamamı önerdi.	https://audio.tatoeba.org/sentences/eng/6126498.mp3	[sound:6126498.mp3]	sentence_20200521
246625					Are you suggesting that I'm a coward?	Benim bir korkak olduğumu mu ima ediyorsun?	https://audio.tatoeba.org/sentences/eng/246625.mp3	[sound:246625.mp3]	sentence_20200521
246807					Are you suggesting that I am too young?	Benim çok genç olduğumu mu ileri sürüyorsun?	https://audio.tatoeba.org/sentences/eng/246807.mp3	[sound:246807.mp3]	sentence_20200521
297307					He suggested that I write to her at once.	Derhal ona yazmamı önerdi.	https://audio.tatoeba.org/sentences/eng/297307.mp3	[sound:297307.mp3]	sentence_20200521
887418					She suggested that I take him to the zoo.	O, onu hayvanat bahçesine götürmemi önerdi.	https://audio.tatoeba.org/sentences/eng/887418.mp3	[sound:887418.mp3]	sentence_20200521
6124539					Tom suggested that I not do that anymore.	Tom, artık bunu yapmamamı önerdi.	https://audio.tatoeba.org/sentences/eng/6124539.mp3	[sound:6124539.mp3]	sentence_20200521
664957					I feel that I should help you.	Sana yardım etmem gerektiğini hissediyorum.	https://audio.tatoeba.org/sentences/eng/664957.mp3	[sound:664957.mp3]	sentence_20200521
3173286					I feel so lucky that I was chosen.	Seçildiğim için kendimi çok şanslı hissediyorum.	https://audio.tatoeba.org/sentences/eng/3173286.mp3	[sound:3173286.mp3]	sentence_20200521
2540699					I feel that I've wasted your time.	Zamanını boşa harcadığımı hissediyorum.	https://audio.tatoeba.org/sentences/eng/2540699.mp3	[sound:2540699.mp3]	sentence_20200521
2635416					I feel bad that I can't come today.	Bugün gelemediğim için kötü hissediyorum.	https://audio.tatoeba.org/sentences/eng/2635416.mp3	[sound:2635416.mp3]	sentence_20200521
6664603					I feel that I owe Tom an explanation.	Kendimi Tom'a bir açıklama borçlu hissediyorum.	https://audio.tatoeba.org/sentences/eng/6664603.mp3	[sound:6664603.mp3]	sentence_20200521
246862					You will see that I am right.	Benim haklı olduğumu göreceksiniz.	https://audio.tatoeba.org/sentences/eng/246862.mp3	[sound:246862.mp3]	sentence_20200521
2406248					I see now that I was mistaken.	Hatalı olduğumu şimdi anlıyorum.	https://audio.tatoeba.org/sentences/eng/2406248.mp3	[sound:2406248.mp3]	sentence_20200521
1815060					You’ll see that I’m right.	Benim haklı olduğumu göreceksiniz.	https://audio.tatoeba.org/sentences/eng/1815060.mp3	[sound:1815060.mp3]	sentence_20200521
1837953					I pretended that I didn't see it.	Ben onu görmemiş gibi davrandım.	https://audio.tatoeba.org/sentences/eng/1837953.mp3	[sound:1837953.mp3]	sentence_20200521
32687					I trust that I can see you again.	Seni tekrar görebileceğime inanıyorum.	https://audio.tatoeba.org/sentences/eng/32687.mp3	[sound:32687.mp3]	sentence_20200521
5837913					Just tell Tom that I can't see him.	Tom'a sadece onu göremeyeceğimi söyle.	https://audio.tatoeba.org/sentences/eng/5837913.mp3	[sound:5837913.mp3]	sentence_20200521
2055332					Do you think that I'm insane?	Sence ben deli miyim?	https://audio.tatoeba.org/sentences/eng/2055332.mp3	[sound:2055332.mp3]	sentence_20200521
1543179					Do you think that I'm handsome?	Yakışıklı olduğumu düşünüyor musun?	https://audio.tatoeba.org/sentences/eng/1543179.mp3	[sound:1543179.mp3]	sentence_20200521
3244797					Do you think that I'm not trying?	Denemediğimi düşünüyor musun?	https://audio.tatoeba.org/sentences/eng/3244797.mp3	[sound:3244797.mp3]	sentence_20200521
6126274					Do you think that I'm over-reacting?	Aşırı tepki gösterdiğimi düşünüyor musun?	https://audio.tatoeba.org/sentences/eng/6126274.mp3	[sound:6126274.mp3]	sentence_20200521
3244792					Do you think that I'm not trying my best?	Elimden geleni yapmadığımı düşünüyor musun?	https://audio.tatoeba.org/sentences/eng/3244792.mp3	[sound:3244792.mp3]	sentence_20200521
6823799					Do you think that I should go talk to Tom?	Sence gidip Tom'la konuşmam gerekir mi?	https://audio.tatoeba.org/sentences/eng/6823799.mp3	[sound:6823799.mp3]	sentence_20200521
4499023					Tom insisted that I go.	Tom benim gitmemi tutturdu.	https://audio.tatoeba.org/sentences/eng/4499023.mp3	[sound:4499023.mp3]	sentence_20200521
1944109					He insisted that I join him.	O ona katılmam için ısrar etti.	https://audio.tatoeba.org/sentences/eng/1944109.mp3	[sound:1944109.mp3]	sentence_20200521
6353083					Tom insisted that I do that.	Tom bunu yapmam için ısrar etti.	https://audio.tatoeba.org/sentences/eng/6353083.mp3	[sound:6353083.mp3]	sentence_20200521
6268051					Tom insisted that I help him.	Tom ona yardım etmemde ısrar etti.	https://audio.tatoeba.org/sentences/eng/6268051.mp3	[sound:6268051.mp3]	sentence_20200521
2821379					Tom insisted that I join him.	Tom onunla birleşmemde ısrar etti.	https://audio.tatoeba.org/sentences/eng/2821379.mp3	[sound:2821379.mp3]	sentence_20200521
6667044					I admit that I lied.	Yalan söylediğimi itiraf ediyorum.	https://audio.tatoeba.org/sentences/eng/6667044.mp3	[sound:6667044.mp3]	sentence_20200521
6783907					I admit that I do that.	Onu yaptığımı itiraf ediyorum.	https://audio.tatoeba.org/sentences/eng/6783907.mp3	[sound:6783907.mp3]	sentence_20200521
4756799					I admit that I'm tired.	Yorgun olduğumu kabul ediyorum.	https://audio.tatoeba.org/sentences/eng/4756799.mp3	[sound:4756799.mp3]	sentence_20200521
1768245					I admit that I was wrong.	Hatalı olduğumu itiraf ediyorum.	https://audio.tatoeba.org/sentences/eng/1768245.mp3	[sound:1768245.mp3]	sentence_20200521
6710771					I admitted that I did that.	Onu yaptığımı itiraf ettim.	https://audio.tatoeba.org/sentences/eng/6710771.mp3	[sound:6710771.mp3]	sentence_20200521
1287050					I admit that I was careless.	Ben, dikkatsiz olduğumu itiraf ediyorum.	https://audio.tatoeba.org/sentences/eng/1287050.mp3	[sound:1287050.mp3]	sentence_20200521
6665729					I admit that I've done that.	Onu yaptığımı itiraf ediyorum.	https://audio.tatoeba.org/sentences/eng/6665729.mp3	[sound:6665729.mp3]	sentence_20200521
1829118					I admitted that I was wrong.	Hatalı olduğumu itiraf ettim.	https://audio.tatoeba.org/sentences/eng/1829118.mp3	[sound:1829118.mp3]	sentence_20200521
310176					I guess that she is 40.	Onun 40 olduğunu sanıyorum.	https://audio.tatoeba.org/sentences/eng/310176.mp3	[sound:310176.mp3]	sentence_20200521
310153					I guess that she is over thirty.	Sanırım o otuzun üzerindedir.	https://audio.tatoeba.org/sentences/eng/310153.mp3	[sound:310153.mp3]	sentence_20200521
2889237					I guess everybody thinks that I'm in love with Mary.	Galiba herkes Mary'ye aşık olduğumu sanıyor.	https://audio.tatoeba.org/sentences/eng/2889237.mp3	[sound:2889237.mp3]	sentence_20200521
6440430					I regret that I lied.	Yalan söylediğime pişmanım.	https://audio.tatoeba.org/sentences/eng/6440430.mp3	[sound:6440430.mp3]	sentence_20200521
3374681					I regret that I did that.	Onu yaptığıma pişmanım.	https://audio.tatoeba.org/sentences/eng/3374681.mp3	[sound:3374681.mp3]	sentence_20200521
17429					I regret that I told you.	Sana söylediğime pişmanım.	https://audio.tatoeba.org/sentences/eng/17429.mp3	[sound:17429.mp3]	sentence_20200521
453916					I regret that I am going away.	Uzağa gittiğim için pişmanım.	https://audio.tatoeba.org/sentences/eng/453916.mp3	[sound:453916.mp3]	sentence_20200521
54513					I regret that I can't help you.	Sana yardım edemediğim için üzgünüm.	https://audio.tatoeba.org/sentences/eng/54513.mp3	[sound:54513.mp3]	sentence_20200521
265125					The fact is that she lied.	Gerçek şu ki o yalan söyledi.	https://audio.tatoeba.org/sentences/eng/265125.mp3	[sound:265125.mp3]	sentence_20200521
265107					The fact is that I can't swim.	Gerçek benim yüzemememdir.	https://audio.tatoeba.org/sentences/eng/265107.mp3	[sound:265107.mp3]	sentence_20200521
265083					The fact is that I have no money with me.	Gerçek yanımda para olmamasıdır.	https://audio.tatoeba.org/sentences/eng/265083.mp3	[sound:265083.mp3]	sentence_20200521
2323366					The fact that she's sick really worries me.	Onun hasta olması gerçeği beni gerçekten endişelendiriyor.	https://audio.tatoeba.org/sentences/eng/2323366.mp3	[sound:2323366.mp3]	sentence_20200521
5741158					I'm just happy that I won.	Ben sadece kazandığım için mutluyum.	https://audio.tatoeba.org/sentences/eng/5741158.mp3	[sound:5741158.mp3]	sentence_20200521
5729090					I'm really happy that I made it.	Onu yaptığım için gerçekten mutluyum.	https://audio.tatoeba.org/sentences/eng/5729090.mp3	[sound:5729090.mp3]	sentence_20200521
279952					I suppose that she was happy then.	Sanırım o o zaman mutluydu.	https://audio.tatoeba.org/sentences/eng/279952.mp3	[sound:279952.mp3]	sentence_20200521
763147					I was happy that she took my side.	Yanımda yer aldığı için mutluydum.	https://audio.tatoeba.org/sentences/eng/763147.mp3	[sound:763147.mp3]	sentence_20200521
314488					She was happy that she passed the exam.	Sınavı geçtiği için mutluydu.	https://audio.tatoeba.org/sentences/eng/314488.mp3	[sound:314488.mp3]	sentence_20200521
6722143					I decided that I'd do that.	Bunu yapacağıma karar verdim.	https://audio.tatoeba.org/sentences/eng/6722143.mp3	[sound:6722143.mp3]	sentence_20200521
6722165					I've decided that I'll do that.	Bunu yapacağıma karar verdim.	https://audio.tatoeba.org/sentences/eng/6722165.mp3	[sound:6722165.mp3]	sentence_20200521
5845939					I decided that I should do that.	Onu yapmam gerektiğine karar verdim.	https://audio.tatoeba.org/sentences/eng/5845939.mp3	[sound:5845939.mp3]	sentence_20200521
454329					I decided to tell her that I love her.	Onu sevdiğimi ona söylemeye karar verdim.	https://audio.tatoeba.org/sentences/eng/454329.mp3	[sound:454329.mp3]	sentence_20200521
3825662					I promise that I'll come.	Geleceğime söz veriyorum.	https://audio.tatoeba.org/sentences/eng/3825662.mp3	[sound:3825662.mp3]	sentence_20200521
5916584					I promised Tom that I'd do that.	Tom'a onu yapacağıma söz verdim.	https://audio.tatoeba.org/sentences/eng/5916584.mp3	[sound:5916584.mp3]	sentence_20200521
1442204					She promised me that she'd come.	O, bana geleceğine dair söz verdi.	https://audio.tatoeba.org/sentences/eng/1442204.mp3	[sound:1442204.mp3]	sentence_20200521
5253001					I promise that I'll read this book.	Ben bu kitabı okuyacağıma söz veriyorum.	https://audio.tatoeba.org/sentences/eng/5253001.mp3	[sound:5253001.mp3]	sentence_20200521
2905964					I promised Tom that I wouldn't cry.	Tom'a ağlamayacağıma söz verdim.	https://audio.tatoeba.org/sentences/eng/2905964.mp3	[sound:2905964.mp3]	sentence_20200521
1963362					I'll do everything that I can.	Ben elimden gelen her şeyi yapacağım.	https://audio.tatoeba.org/sentences/eng/1963362.mp3	[sound:1963362.mp3]	sentence_20200521
5483661					Tom can do things that I can't do.	Tom benim yapamadığım şeyleri yapabilir.	https://audio.tatoeba.org/sentences/eng/5483661.mp3	[sound:5483661.mp3]	sentence_20200521
2018792					I just want to say that I was wrong.	Sadece hatalı olduğumu söylemek istiyorum.	https://audio.tatoeba.org/sentences/eng/2018792.mp3	[sound:2018792.mp3]	sentence_20200521
3330373					I just want you to know that I know.	Sadece bildiğimi bilmeni istiyorum.	https://audio.tatoeba.org/sentences/eng/3330373.mp3	[sound:3330373.mp3]	sentence_20200521
3620339					I just wanted to say that I'm sorry.	Sadece üzgün olduğumu söylemek istedim.	https://audio.tatoeba.org/sentences/eng/3620339.mp3	[sound:3620339.mp3]	sentence_20200521
2664698					Do you want me to say that I'm sorry?	Üzgün olduğumu söylememi istiyor musun?	https://audio.tatoeba.org/sentences/eng/2664698.mp3	[sound:2664698.mp3]	sentence_20200521
2240475					I just wanted to say that I love you.	Ben sadece seni sevdiğimi söylemek istiyorum.	https://audio.tatoeba.org/sentences/eng/2240475.mp3	[sound:2240475.mp3]	sentence_20200521
2025876					I just want to say that I believe you.	Sadece sana inandığımı söylemek istiyorum.	https://audio.tatoeba.org/sentences/eng/2025876.mp3	[sound:2025876.mp3]	sentence_20200521
4613062					I just want you to know that I'm sorry.	Üzgün olduğumu bilmeni istiyorum sadece.	https://audio.tatoeba.org/sentences/eng/4613062.mp3	[sound:4613062.mp3]	sentence_20200521
2028624					I just want you to know that I forgive you.	Seni bağışladığımı bilmeni istiyorum.	https://audio.tatoeba.org/sentences/eng/2028624.mp3	[sound:2028624.mp3]	sentence_20200521
3303916					I just want you to know that I'm here for you.	Sadece senin için burada olduğumu bilmeni istiyorum.	https://audio.tatoeba.org/sentences/eng/3303916.mp3	[sound:3303916.mp3]	sentence_20200521
2374070					I just want you to know that I really like you.	Seni gerçekten sevdiğimi bilmeni istiyorum yalnızca.	https://audio.tatoeba.org/sentences/eng/2374070.mp3	[sound:2374070.mp3]	sentence_20200521
7189346					I assumed that I'd go alone.	Yalnız gideceğimi sandım.	https://audio.tatoeba.org/sentences/eng/7189346.mp3	[sound:7189346.mp3]	sentence_20200521
259684					I assumed that she was there.	Onun orada olduğunu sanıyordum.	https://audio.tatoeba.org/sentences/eng/259684.mp3	[sound:259684.mp3]	sentence_20200521
5179253					Let's assume that I do believe you.	Sana inandığımı farz edelim.	https://audio.tatoeba.org/sentences/eng/5179253.mp3	[sound:5179253.mp3]	sentence_20200521
3728965					Let's assume for the moment that I believe you.	Sana inandığım an için varsayalım.	https://audio.tatoeba.org/sentences/eng/3728965.mp3	[sound:3728965.mp3]	sentence_20200521
7186093					I'm very sorry that I lied.	Yalan söylediğim için üzgünüm.	https://audio.tatoeba.org/sentences/eng/7186093.mp3	[sound:7186093.mp3]	sentence_20200521
3620037					I'm so sorry that I doubted you.	Senden şüphe ettiğim için çok üzgünüm.	https://audio.tatoeba.org/sentences/eng/3620037.mp3	[sound:3620037.mp3]	sentence_20200521
3620084					I'm so sorry that I lied to you.	Sana yalan söylediğime çok üzgünüm.	https://audio.tatoeba.org/sentences/eng/3620084.mp3	[sound:3620084.mp3]	sentence_20200521
277392					I'm awfully sorry that I was late.	Ben geç kaldığım için çok üzgünüm.	https://audio.tatoeba.org/sentences/eng/277392.mp3	[sound:277392.mp3]	sentence_20200521
7186092					I'm very sorry that I lied to Tom.	Tom'a yalan söylediğim için çok üzgünüm.	https://audio.tatoeba.org/sentences/eng/7186092.mp3	[sound:7186092.mp3]	sentence_20200521
308605					I am sorry that I could not go with her.	Onunla gidemediğim için üzgünüm.	https://audio.tatoeba.org/sentences/eng/308605.mp3	[sound:308605.mp3]	sentence_20200521
245247					I am sorry to say that I cannot help you.	Sana yardım edemeyeceğimi söylediğime üzgünüm.	https://audio.tatoeba.org/sentences/eng/245247.mp3	[sound:245247.mp3]	sentence_20200521
41143					I am sorry that I have troubled you so much.	Seni çok fazla rahatsız ettiğim için üzgünüm.	https://audio.tatoeba.org/sentences/eng/41143.mp3	[sound:41143.mp3]	sentence_20200521
